Modelo A,Modelo B,T pareado,p-valor T,Wilcoxon W,p-valor Wilcoxon
Llama 3.2 (3B),Mistral 7B,-27.10411329943908,3.8326852039024058e-149,346216.5,7.258465151866122e-138
Llama 3.2 (3B),Phi-4 (2.7B),-33.13346228080755,6.857128300316566e-214,145920.0,5.192787458958737e-191
Llama 3.2 (3B),BERTimbau,-56.2582957404119,0.0,87938.5,0.0
Mistral 7B,Phi-4 (2.7B),-3.388160250706858,0.0007101596020458183,94997.0,0.0007146199344728458
Mistral 7B,BERTimbau,-28.761205421740023,4.290518496448922e-166,70246.0,3.7849597073374507e-152
Phi-4 (2.7B),BERTimbau,-26.764038079718794,9.465494060533598e-146,62920.0,5.64545800555571e-135
